,trial_index,arm_name,trial_status,generation_method,power,x1,z1,x2,z2,x3,z3,x4,z4,fidelity
0,0,0_0,COMPLETED,Manual,7817018.611111111,649.8031755874581,301.21049771406405,106.40308917630631,201.44160386899196,377.90421589740754,368.6879295462735,246.8050149050198,366.25894916591994,les
1,1,1_0,COMPLETED,Manual,11724203.055555556,543.8238246370722,241.08416442343835,151.7634886799294,87.0581350799314,496.88702531663716,530.8528876484343,377.3486102489114,600.1253975892088,les
2,2,2_0,COMPLETED,Manual,6258991.666666667,64.47433888125984,390.26397408386276,25.376000239642774,545.9824927090933,238.77271421739474,475.65485280717695,611.9000743002375,448.45015354245544,les
3,3,3_0,COMPLETED,Manual,11418860.277777778,364.22387665950407,612.1390194321726,389.775965771713,297.8090863831348,46.06812298941341,750.818700500554,96.47387725783304,423.9509096101469,les
4,4,4_0,COMPLETED,Manual,8026201.111111111,699.3299881262978,44.91912540856783,265.99910931889406,158.15280844536915,348.1828811859357,128.0872926908267,384.0455715784314,183.8455800818801,les
5,5,5_0,COMPLETED,Manual,11808847.777777778,613.9668432047687,743.6495012680929,698.2894095396634,468.6618112626621,668.9477837467784,388.09452087333165,733.3282539137659,20.0366939681072,les
6,6,6_0,COMPLETED,Manual,10502861.111111112,426.2076151395738,376.1374781222814,585.5862711796173,671.1384869225456,544.9349858994276,297.3385757676365,487.7004252487643,530.5775580157692,les
7,7,7_0,COMPLETED,Manual,11877691.944444444,293.6870894479701,476.73287496832836,490.810538014026,597.6052503102898,718.4357279321263,99.42630787308747,541.0670542479747,695.8682391172953,les
8,8,8_0,COMPLETED,Manual,9151804.722222222,59.90551288802531,168.29691562501424,659.6784620539783,717.6132952901908,186.1579460142631,677.1552973878729,185.405105740077,691.8534260062166,les
9,9,9_0,COMPLETED,Manual,10688881.944444444,483.2471653188875,666.7235011603697,323.563566231629,376.79179199613634,584.3201310169799,222.9993466503557,655.2636186971475,242.54593525704777,les
10,10,10_0,COMPLETED,Manual,10595844.444444444,138.34470037833455,102.00667483250035,225.96620118427154,27.32721929348378,298.2905316533095,601.9355990821505,306.2145010291779,270.4600304951355,les
11,11,11_0,COMPLETED,Manual,10103617.222222222,245.43068870974528,548.8671528955467,552.7063127197113,432.2954192351658,91.32020356010688,50.54351657485966,15.66138805872781,108.26481161148862,les
12,12,12_0,COMPLETED,Manual,7311492.777777778,251.76,251.76,503.52,251.76,251.76,503.52,503.52,503.52,les
13,13,13_0,COMPLETED,BoTorch,10522511.111111112,329.39073362814673,58.73613155010244,141.466732332147,0.0,532.0541721279014,710.8615959815158,207.54330711894536,359.85457747365257,les
14,14,14_0,COMPLETED,BoTorch,10813330.555555556,364.8998747297391,15.6411302923602,256.99306356045537,41.405694781320264,707.8608065326486,490.55097767372916,454.66707520961165,755.28,les
15,15,15_0,COMPLETED,BoTorch,8019701.111111111,755.28,755.28,0.0,0.0,439.224814008597,755.28,0.0,755.28,les
16,16,16_0,COMPLETED,BoTorch,13017952.777777778,755.28,0.0,755.28,0.0,511.7284616442619,729.9411819599096,755.28,0.0,les
17,17,17_0,COMPLETED,BoTorch,10739954.444444444,0.0,755.28,755.28,0.0,594.8967810883844,627.1762488634507,0.0,0.0,les
18,18,18_0,COMPLETED,BoTorch,12534334.166666666,647.3126319774442,755.28,755.28,662.4817598369885,742.8198847110535,169.06650959384024,755.28,0.0,les
19,19,19_0,COMPLETED,BoTorch,7989106.111111111,720.7744848168917,0.0,290.37314747113186,0.0,501.9314046851214,710.295656503434,726.6080687578263,711.2353467781198,les
20,20,20_0,COMPLETED,BoTorch,10154093.888888888,755.28,0.0,755.28,0.0,504.6919990147694,230.97692582068603,631.1742091750149,0.0,les
21,21,21_0,COMPLETED,BoTorch,11741462.777777778,521.4465400057704,366.3111016162358,755.28,0.0,493.1850586001284,755.28,740.7115404514898,0.0,les
22,22,22_0,COMPLETED,BoTorch,12175381.944444444,755.28,484.36749868154027,755.28,0.0,521.5751318843633,755.28,598.6634297644514,32.55864634432136,les
23,23,23_0,COMPLETED,BoTorch,10655712.777777778,755.28,0.0,755.28,0.0,600.7943529020179,755.28,727.7279292759579,0.0,les
24,24,24_0,COMPLETED,BoTorch,12079992.222222222,755.28,0.0,755.28,367.1855718736578,482.1460636507848,755.28,725.5693747062238,0.0,les
25,25,25_0,COMPLETED,BoTorch,11561677.222222222,639.3429305260989,755.28,755.28,755.28,755.28,112.23171562291132,755.28,253.09449737089506,les
26,26,26_0,COMPLETED,BoTorch,8862991.111111112,755.28,0.0,0.0,0.0,513.0635291923991,755.28,732.9135729573118,0.0,les
27,27,27_0,COMPLETED,BoTorch,10261424.444444444,311.6739146234921,755.28,730.9715927406097,755.28,755.28,81.15769960798163,755.28,0.0,les
28,28,28_0,COMPLETED,BoTorch,13438358.333333334,715.7261817232653,702.8771582993076,618.1596277844291,487.9250875499736,719.4712555490354,190.3261282740235,656.6355654096998,0.0,les
29,29,29_0,COMPLETED,BoTorch,11335426.666666666,732.1999664695439,755.28,755.28,755.28,734.3894219270618,428.1026847348286,755.28,0.0,les
30,30,30_0,COMPLETED,BoTorch,13194458.333333334,755.28,601.0217900396923,755.28,0.0,515.9258126078944,755.28,755.28,0.0,les
31,31,31_0,COMPLETED,BoTorch,9902852.777777778,730.5953984614853,755.28,755.28,746.2369412666415,696.3835598797888,61.57505379748889,755.28,0.0,les
32,32,32_0,COMPLETED,BoTorch,13717258.333333334,669.153527234481,755.28,755.28,11.282886055331838,728.5838309920484,208.63397395149926,755.28,0.0,les
33,33,33_0,COMPLETED,BoTorch,12938176.944444444,666.3478598246436,685.5651337218317,655.5547677572725,0.0,723.4238162291598,245.4585098455398,681.4894585612774,167.339455946354,les
34,34,34_0,COMPLETED,BoTorch,12657603.888888888,755.28,755.28,554.9528156666541,0.0,722.0423771377766,246.4978704552286,755.28,0.0,les
35,35,35_0,COMPLETED,BoTorch,10955951.666666666,684.2025824083082,112.93200979809502,755.28,0.0,722.4640247120716,242.19088209211637,623.7036500730372,0.0,les
36,36,36_0,COMPLETED,BoTorch,12807461.111111112,504.8084473125983,755.28,691.0095626492259,86.50865825217268,709.7058615603851,235.1741869676105,691.4644616949557,297.6242714946105,les
37,37,37_0,COMPLETED,BoTorch,13155738.888888888,755.28,755.28,654.8514591107336,0.0,749.5998045657885,230.01014164282458,627.8266869284191,125.8128502450257,les
38,38,38_0,COMPLETED,BoTorch,12191339.444444444,713.6904716833243,755.28,695.1247665668565,29.70324836655524,719.7711794995035,177.5773793450721,672.8767129068012,143.18277892166097,les
39,39,39_0,COMPLETED,BoTorch,13021966.666666666,755.28,490.0411498191267,755.28,0.0,504.1527616630279,682.2003385485049,755.28,0.0,les
40,40,40_0,COMPLETED,BoTorch,11517323.888888888,749.9084421457029,755.28,755.28,202.63564578129757,703.9646669865782,208.5885437116103,633.6332694936591,0.0,les
41,41,41_0,COMPLETED,BoTorch,12638077.222222222,581.2583108036072,755.28,607.4813868849983,0.0,742.6678383562237,176.7357523740142,660.330309687259,0.0,les
42,42,42_0,COMPLETED,BoTorch,13471316.666666666,755.28,755.28,716.2836933017379,150.5337949407137,725.7602036908565,188.72068652919782,755.28,310.4963820904155,les
43,43,43_0,COMPLETED,BoTorch,11756057.222222222,682.8120363581238,755.28,716.937864386974,167.99755646780227,754.8846863295919,263.5954851930287,754.0741572583694,79.31135844507133,les
44,44,44_0,COMPLETED,BoTorch,12357958.333333334,727.7115849231345,755.28,572.3867728801932,513.2739428350183,754.7985523769499,262.52634051526945,635.7580901315155,305.83586906719944,les
45,45,45_0,COMPLETED,BoTorch,12818670.0,623.3186685040988,755.28,755.28,68.7928137743616,755.28,273.06511350616614,755.28,755.28,les
46,46,46_0,COMPLETED,BoTorch,12843372.222222222,604.1286827209228,755.28,512.8144059169215,603.8534976135862,730.1476652221884,293.1916214634831,595.1579738735751,0.0,les
47,47,47_0,COMPLETED,BoTorch,12066469.722222222,755.28,755.28,642.2120458411969,358.70134344114086,755.28,260.5710862347523,702.4287611919589,0.0,les
48,48,48_0,COMPLETED,BoTorch,11767976.388888888,755.28,734.904980334399,740.7793744424977,176.91089318088905,751.8568155681868,196.08169962787886,755.28,469.0833866899428,les
49,49,49_0,COMPLETED,BoTorch,10136626.666666666,540.8789564507935,755.28,755.28,223.90194087005946,725.1482033037059,267.50121715869824,750.8384301525987,283.60049268573516,les
50,50,50_0,COMPLETED,BoTorch,12571015.555555556,522.9465918135761,755.28,755.28,0.0,731.9885695369151,264.60635993847615,755.28,755.28,les
51,51,51_0,COMPLETED,BoTorch,12864125.0,522.4590468796719,755.28,675.441266948582,502.2042766711479,717.0427390270245,277.32678450106806,713.4279175597376,0.0,les
52,52,52_0,COMPLETED,BoTorch,10446182.222222222,747.2915993430667,755.28,755.28,319.2161737712899,740.100786697482,237.65803796422674,674.3446885641055,755.28,les
53,53,53_0,COMPLETED,BoTorch,13342854.722222222,755.28,719.1076287738376,628.0588887486276,23.983709303226558,735.7961260814731,235.51790866887671,715.168197521529,312.30450052543273,les
54,54,54_0,COMPLETED,BoTorch,12366319.722222222,755.28,687.3713659544165,634.9454846213571,61.150161946066994,697.6398317174958,123.2293514474553,755.28,349.05534427618267,les
55,55,55_0,COMPLETED,BoTorch,13351638.888888888,742.7338318285035,755.28,755.28,0.0,750.1126044670664,374.14723181785797,755.28,0.0,les
56,56,56_0,COMPLETED,BoTorch,13741427.777777778,672.2670511132715,755.28,755.28,128.0720038137888,701.5861029279183,342.3053907281406,755.28,602.0890003825855,les
57,57,57_0,COMPLETED,BoTorch,13754391.666666666,564.1262018821196,755.28,755.28,130.25912181213548,711.1838095751318,0.0,755.28,374.529826415215,les
58,58,58_0,COMPLETED,BoTorch,11747015.0,678.9461902104235,622.6405480935282,632.6649349554419,561.6293787182043,709.0210251193678,120.79554562623976,650.41048917495,0.0,les
59,59,59_0,COMPLETED,BoTorch,13096142.777777778,594.7658461720356,725.3623789293266,564.2529314506077,437.8364354317206,718.4466752887738,163.89154418209523,673.9326477969905,0.0,les
60,60,60_0,COMPLETED,BoTorch,12423511.111111112,594.969930977978,755.28,579.7835836940111,523.9785999643348,701.3822370967315,389.2722099157189,599.6522515509565,0.0,les
61,61,61_0,COMPLETED,BoTorch,12754305.555555556,636.8822378488836,755.28,751.216416994619,102.3040733162893,715.2846358405285,203.56705012820768,755.28,0.0,les
62,62,62_0,COMPLETED,BoTorch,9407990.555555556,624.8230628917256,755.28,699.9077603308306,123.5523168725634,711.6767328948858,160.0726743492147,755.28,755.28,les
63,63,63_0,COMPLETED,BoTorch,12861650.0,284.3583854886879,736.3637095489439,755.28,0.0,755.28,251.04928808391995,755.28,0.0,les
64,64,64_0,COMPLETED,BoTorch,12960510.555555556,689.2561767217777,755.28,748.3903583071515,56.20162729060305,726.794232029282,355.8755738608341,755.28,692.3660070308954,les
65,65,65_0,COMPLETED,BoTorch,13735394.444444444,665.4821868460555,755.28,755.28,270.38196721235903,747.5889487267933,82.27554527540302,755.28,321.5289496414159,les
66,66,66_0,COMPLETED,BoTorch,13069994.166666666,755.28,0.0,755.28,64.52976206260779,433.1691506148775,670.3597696564688,755.28,0.0,les
67,67,67_0,COMPLETED,BoTorch,13276950.0,748.8264918385604,755.28,519.7507829990253,540.4666436035612,755.28,194.51783494321253,755.28,137.46535775281305,les
68,68,68_0,COMPLETED,BoTorch,13553022.222222222,427.47815469757484,755.28,755.28,223.70330096418337,711.1191404125129,25.083339720615623,755.28,359.8537785603389,les
69,69,69_0,COMPLETED,BoTorch,12259621.944444444,755.28,755.28,573.1794348714018,250.70380211768554,755.28,134.51106458698243,755.28,308.68397441089223,les
70,70,70_0,COMPLETED,BoTorch,14686977.777777778,755.28,755.28,755.28,184.4605171432622,755.28,21.534302171768022,467.5898784035589,353.461330002282,les
71,71,71_0,COMPLETED,BoTorch,13796861.111111112,755.28,755.28,723.0267318329794,19.9083746827298,678.2523239419645,305.22014977730834,650.8494684757073,556.1223048221993,les
72,72,72_0,COMPLETED,BoTorch,10952029.166666666,755.28,755.28,755.28,38.47507413206047,463.7785979608714,712.3269438402008,755.28,0.0,les
73,73,73_0,COMPLETED,BoTorch,13649709.166666666,330.8848319717093,755.28,755.28,64.58801308834674,690.1687395938085,327.983407627564,13.993500634062663,567.3812167669842,les
74,74,74_0,COMPLETED,BoTorch,14706238.333333334,755.28,755.28,755.28,142.7138136682455,755.28,76.657457373258,348.07767681905096,332.7392061776112,les
75,75,75_0,COMPLETED,BoTorch,14446113.888888888,755.28,755.28,755.28,177.28316399137373,755.28,14.585508884000726,755.28,310.7203040932884,les
76,76,76_0,COMPLETED,BoTorch,13732783.333333334,755.28,755.28,755.28,99.30695920745698,598.9835006805446,348.79581593542935,755.28,535.8420580693062,les
77,77,77_0,COMPLETED,BoTorch,14714231.111111112,755.28,755.28,755.28,191.99464825654817,716.4988034919726,46.63241434697534,20.523853254775734,340.19510326939496,les
78,78,78_0,COMPLETED,BoTorch,14178891.666666666,755.28,755.28,755.28,13.046596267658261,657.6451255671246,277.33843271699294,0.0,403.3433700839065,les
79,79,79_0,COMPLETED,BoTorch,13849038.333333334,755.28,755.28,584.9425812333741,79.72075058910497,665.2482383080231,365.65210364312617,0.0,506.8342483943637,les
80,80,80_0,COMPLETED,BoTorch,13687122.222222222,752.0641191844965,660.9823950282424,755.28,46.22019070772915,669.621319183369,361.5649618283169,755.28,500.6976068682,les
81,81,81_0,COMPLETED,BoTorch,10605498.888888888,402.35511274710854,69.77506206551742,755.28,0.0,415.2363695422185,755.28,755.28,0.0,les
82,82,82_0,COMPLETED,BoTorch,12219026.666666666,755.28,658.8053032950089,755.28,0.0,755.28,263.87755370683567,0.0,0.0,les
83,83,83_0,COMPLETED,BoTorch,14312199.166666666,755.28,755.28,755.28,170.6009591487143,740.7931580396545,54.219474660034166,0.0,342.661251208488,les
84,84,84_0,COMPLETED,BoTorch,14368297.222222222,755.28,755.28,755.28,107.65900892166907,755.28,43.668419640600376,755.28,351.1580317169315,les
85,85,85_0,COMPLETED,BoTorch,13486403.333333334,755.28,755.28,755.28,38.2112050135318,674.0009939278442,376.00383381510454,755.28,468.8068872505961,les
86,86,86_0,COMPLETED,BoTorch,14264951.944444444,755.28,755.28,755.28,82.21297685575114,670.0822321585017,347.38951152791464,0.0,490.00481036572484,les
87,87,87_0,COMPLETED,BoTorch,12704917.222222222,480.72908058093753,727.1085624065319,639.0326822235544,0.0,622.7820102258439,332.13668946937725,755.28,453.534941015178,les
88,88,88_0,COMPLETED,BoTorch,14382953.055555556,755.28,755.28,755.28,189.48041648770555,707.1207836735534,55.50670057683431,393.77723509033126,336.47911558966655,les
89,89,89_0,COMPLETED,BoTorch,12293249.444444444,755.28,755.28,755.28,176.19744154439664,667.1237203417576,104.29265599703008,191.24698793680318,364.26129203629654,les
90,90,90_0,COMPLETED,BoTorch,13188929.722222222,755.28,755.28,755.28,251.7464369980814,690.6934915861835,7.310925536447963,260.4689953831846,313.3413185985063,les
91,91,91_0,COMPLETED,BoTorch,12867488.333333334,742.0837053293332,668.0054329451857,755.28,121.40229581325977,634.0156284651463,340.5884412377184,106.02697452039982,591.7063753836007,les
92,92,92_0,COMPLETED,BoTorch,14433307.5,755.28,755.28,755.28,211.72201257411697,670.8495194920819,50.30464555169836,425.36326219862514,357.3707862331515,les
93,93,93_0,COMPLETED,BoTorch,11874636.111111112,727.2052244847833,76.87924156811741,755.28,0.0,551.5769976275199,697.2778222565684,755.28,0.0,les
94,94,94_0,COMPLETED,BoTorch,13727265.0,755.28,755.0772332549205,754.7622616318591,131.5475954559935,674.3392729014477,28.105024932515633,0.0,311.0578838842374,les
95,95,95_0,COMPLETED,BoTorch,11114973.333333334,755.28,744.807017283402,715.48048767336,74.8705416684398,755.28,89.57086517864632,755.28,223.822405067501,les
96,96,96_0,COMPLETED,BoTorch,13516386.944444444,755.28,586.5045650969612,755.28,133.02571587760167,674.915310427053,28.059535527639245,0.0,311.7502234253047,les
97,97,97_0,COMPLETED,BoTorch,14716975.0,755.28,755.28,755.28,203.8153266273449,665.3167541303262,40.293765843523076,0.0,442.1072720143975,les
98,98,98_0,COMPLETED,BoTorch,14654894.444444444,755.28,755.28,755.28,206.2125723722865,755.28,59.57019162958023,434.0095026966059,397.2130235791716,les
99,99,99_0,COMPLETED,BoTorch,14676975.555555556,755.28,755.28,755.28,187.9416946969427,697.1341046423796,41.533838526673584,211.28339816496765,443.48676471912825,les
100,100,100_0,COMPLETED,BoTorch,13232160.555555556,755.28,755.28,755.28,325.47695195367834,687.8431511986842,49.545037178757724,0.0,396.0528267279879,les
101,101,101_0,COMPLETED,BoTorch,14154250.0,755.28,755.28,491.6473319101801,225.47421322117606,692.4537951214244,43.43175218729518,105.18385155641317,418.14203389332016,les
102,102,102_0,COMPLETED,BoTorch,14400950.0,755.28,755.28,755.28,188.4839317499642,640.4067565714536,33.25603798895585,498.09886003458473,485.00743354348884,les
103,103,103_0,COMPLETED,BoTorch,14675948.888888888,755.28,755.28,755.28,175.87150327704316,677.7715730020178,35.413619901652176,165.113195533154,409.499271702293,les
104,104,104_0,COMPLETED,BoTorch,13974508.333333334,373.9521263589233,755.28,755.28,168.39198044172863,755.28,54.976619077180644,452.4498119680134,351.06135440782947,les
105,105,105_0,COMPLETED,BoTorch,13818368.333333334,323.81360626039094,755.28,755.28,174.4847120663994,666.7621496887907,33.84913184269709,199.14724901698145,420.2677012462366,les
106,106,106_0,COMPLETED,BoTorch,13706381.666666666,755.28,755.28,606.0341383454869,0.0,691.2920465378747,315.6208095396297,106.53705859622573,442.9718416997437,les
107,107,107_0,COMPLETED,BoTorch,14190808.333333334,755.28,508.6741454158869,755.28,177.15462317835818,755.28,52.92114742721865,508.47669106887867,353.78624927549424,les
108,108,108_0,COMPLETED,BoTorch,14663483.333333334,755.28,755.28,755.28,143.12407393249288,755.28,45.06066307050287,492.11486577618257,377.7975173976602,les
109,109,109_0,COMPLETED,BoTorch,14121994.444444444,755.28,755.28,755.28,241.6251228013533,639.6403971187851,58.2523323160112,755.28,393.28443436013214,les
110,110,110_0,COMPLETED,BoTorch,12403851.111111112,407.90519329555946,755.28,755.28,44.27224025944121,648.2823429473756,331.16387947093665,0.0,379.3249751082424,les
111,111,111_0,COMPLETED,BoTorch,14863926.944444444,755.28,755.28,755.28,187.01685060515288,697.8086822892496,28.62211840571038,0.0,432.0747008167681,les
112,112,112_0,COMPLETED,BoTorch,14638944.166666666,755.28,733.501539610812,755.28,177.84763835789877,755.28,77.32348653447238,379.95213781894284,489.4322854675994,les
113,113,113_0,COMPLETED,BoTorch,14305100.0,755.28,649.1203053829665,755.28,136.40130223432743,755.28,12.174371000167989,755.28,417.03768782442717,les
114,114,114_0,COMPLETED,BoTorch,14373369.444444444,755.28,729.7249939251101,755.28,137.79885214922615,755.28,90.55954443836823,712.0034158118991,416.73795861366784,les
115,115,115_0,COMPLETED,BoTorch,14687108.055555556,755.28,755.28,755.28,125.83713533825737,755.28,100.24575162875381,322.3306644224342,417.9059896853087,les
116,116,116_0,COMPLETED,BoTorch,13761476.111111112,755.28,755.28,419.24783691169097,0.0,680.9273780249719,253.95765505871114,0.0,482.88056537509834,les
117,117,117_0,COMPLETED,BoTorch,13242000.0,755.28,566.1051057359266,755.28,0.0,695.8150938535154,259.8635539669616,0.0,473.55870784838,les
118,118,118_0,COMPLETED,BoTorch,14066128.611111112,755.28,755.28,755.28,106.48925082935082,716.3672746836055,357.3628701061781,108.09443029613858,477.6781607993123,les
119,119,119_0,COMPLETED,BoTorch,14220257.222222222,755.28,649.5614921030937,755.28,221.11379041148516,606.5084522983599,48.15255287240908,373.5175764955209,415.19986032825153,les
120,120,120_0,COMPLETED,BoTorch,14869605.277777778,755.28,755.28,755.28,113.91043909665042,755.28,87.4333302351215,84.6666745612115,510.1938791330592,les
121,121,121_0,COMPLETED,BoTorch,14667957.5,755.28,687.3193683595429,755.28,178.65959534636698,755.28,86.86859878347978,327.62851380993857,395.5148627765885,les
122,122,122_0,COMPLETED,BoTorch,14062491.666666666,755.28,755.28,751.8064425039638,0.0,637.3004506026452,250.1087707240986,450.2828666535766,447.28619510274063,les
123,123,123_0,COMPLETED,BoTorch,14800944.722222222,755.28,755.28,755.28,107.77257861427495,755.28,86.58814648100969,260.094023530637,441.42842734995605,les
124,124,124_0,COMPLETED,BoTorch,14342505.277777778,755.28,755.28,755.28,6.632896345061834,755.28,350.136234023043,0.0,531.9043048752346,les
125,125,125_0,COMPLETED,BoTorch,14363810.277777778,755.28,755.28,755.28,224.21209325808638,755.28,32.642347229589376,0.0,336.88688167392314,les
126,126,126_0,COMPLETED,BoTorch,13163380.555555556,755.28,755.28,180.1253480774403,0.0,723.1315006186014,280.29593989942293,456.25769340953497,465.1918271748627,les
127,127,127_0,COMPLETED,BoTorch,10289079.444444444,755.28,755.28,311.1730986744676,90.74606666534501,755.28,91.00591351123317,221.7102653729332,452.61078829205314,les
128,128,128_0,COMPLETED,BoTorch,14843584.722222222,755.28,751.2738486190572,755.28,134.96135978539584,755.28,63.81046707149719,77.89096428253411,585.6386827620438,les
129,129,129_0,COMPLETED,BoTorch,12851406.666666666,755.28,543.5708541581821,755.28,113.88845680971599,755.28,78.6087579936387,128.6998823916422,562.4920930815886,les
130,130,130_0,COMPLETED,BoTorch,14622665.277777778,755.28,755.28,686.873657739299,214.98180002198745,690.3943735984889,33.64428350656857,0.0,379.702802330702,les
131,131,131_0,COMPLETED,BoTorch,13925594.722222222,755.28,755.28,563.0210792731799,57.105916917242695,752.1692353829624,322.02983850373147,219.49132314287453,586.976440965622,les
132,132,132_0,COMPLETED,BoTorch,14045412.777777778,755.28,755.28,619.208132033369,0.0,664.7871882190103,223.30377329923272,103.64997814840513,351.70190659257224,les
133,133,133_0,COMPLETED,BoTorch,14369019.166666666,755.28,755.28,731.2302765768417,156.81473714863245,698.3178877065681,33.74945923625091,0.0,559.9059734547899,les
134,134,134_0,COMPLETED,BoTorch,13760625.0,755.28,748.3909922215964,469.32508043683237,207.90710848123157,626.0103639687783,48.10149976750576,472.7820194089463,444.47425876207905,les
135,135,135_0,COMPLETED,BoTorch,12749776.666666666,755.28,642.0859447664018,755.28,251.9137013174153,755.28,54.06276674974882,311.4628035280653,254.31971634728018,les
136,136,136_0,COMPLETED,BoTorch,14185515.277777778,755.28,755.28,755.28,0.0,704.7819819674538,356.46315216758046,88.81563414143824,557.4906595876488,les
137,137,137_0,COMPLETED,BoTorch,14290515.277777778,755.28,755.28,524.5683221754383,201.42081055670323,697.5891537272036,22.11789264898905,0.0,578.0611403516212,les
138,138,138_0,COMPLETED,BoTorch,14185072.222222222,755.28,666.835574170652,755.28,191.80521182529662,705.972030718942,53.205104112993624,647.4055278931552,405.35608536657696,les
139,139,139_0,COMPLETED,BoTorch,14821985.833333334,755.28,755.28,755.28,185.0068122609711,755.28,65.63050974543191,112.91630320368988,485.7303969776542,les
140,140,140_0,COMPLETED,BoTorch,14260814.722222222,456.4134387381927,755.28,755.28,186.57826492930496,755.28,75.27635863371262,82.63596117780311,534.6043873248484,les
141,141,141_0,COMPLETED,BoTorch,14345273.611111112,755.28,755.28,738.4213662025247,31.659463777034627,707.924461685751,251.5309843046273,219.30445457341494,501.1342251797709,les
142,142,142_0,COMPLETED,BoTorch,14115255.555555556,755.28,638.9763636376006,755.28,175.35247816835556,617.9514286807779,25.337155760040922,576.87104702151,342.2076389069896,les
143,143,143_0,COMPLETED,BoTorch,12763965.555555556,755.28,678.4870463208842,755.28,0.0,752.584643291808,410.7258710907235,427.6049475630944,383.34313690107757,les
144,144,144_0,COMPLETED,BoTorch,14783103.333333334,755.28,671.9280018628393,755.28,204.39439756784319,709.3983994159133,32.30806698258743,0.0,413.5474319773198,les
145,145,145_0,COMPLETED,BoTorch,14096069.722222222,755.28,673.2817514718025,682.5524744445546,36.08662944882347,623.6334983078169,199.1633821790456,0.0,539.5201532353145,les
146,146,146_0,COMPLETED,BoTorch,14964734.722222222,755.28,755.28,755.28,113.15059588088589,755.28,52.91841046204816,0.0,508.5044821365882,les
147,147,147_0,COMPLETED,BoTorch,13363739.166666666,755.28,638.0610690300584,570.2263917798213,192.37811819253108,755.28,57.21450933004611,0.0,540.3249177368493,les
148,148,148_0,COMPLETED,BoTorch,14498327.777777778,755.28,717.6628616682896,755.28,189.41893235957275,652.5926361774466,5.622894608656334,50.514865359660305,325.16796120368525,les
149,149,149_0,COMPLETED,BoTorch,14615952.777777778,755.28,755.28,755.28,108.76833350172434,755.28,47.4510975379783,427.0700847601389,580.7567127135992,les
150,150,150_0,COMPLETED,BoTorch,10708432.5,755.28,649.4094578428183,755.28,149.95908003710983,755.28,152.1977789214628,384.35022739881316,108.15608556648569,les
151,151,151_0,COMPLETED,BoTorch,14646453.611111112,755.28,755.28,755.28,66.96383024517223,655.8438277919383,234.68771061898127,0.0,467.2459407507825,les
152,152,152_0,COMPLETED,BoTorch,11492068.611111112,755.28,755.28,755.28,81.7617246262475,669.3303036203788,61.032317031894905,199.6976158460812,565.1403781900581,les
153,153,153_0,COMPLETED,BoTorch,14369925.277777778,755.28,755.28,688.5082956927482,268.90514268279503,656.0823399223398,85.29107741021154,0.0,475.11414539421156,les
154,154,154_0,COMPLETED,BoTorch,14841820.0,755.28,755.28,755.28,158.88046997604042,755.28,41.17909716180005,190.29543752541673,545.2796431472663,les
155,155,155_0,COMPLETED,BoTorch,14463673.888888888,755.28,755.28,708.4488776731755,38.00763460895882,616.3411704954613,239.60354793093302,0.0,429.68994496147377,les
156,156,156_0,COMPLETED,BoTorch,13436584.166666666,755.28,755.28,755.28,96.50229779974912,620.3630347340965,194.19360158846817,0.0,354.8368767615464,les
157,157,157_0,COMPLETED,BoTorch,14675908.333333334,755.28,755.28,755.28,194.90136090125895,746.1919153722016,14.97502303387708,324.72712036611983,563.0873480396131,les
158,158,158_0,COMPLETED,BoTorch,13454777.777777778,755.28,755.28,484.84779716801023,289.8169916911734,663.8111360980448,72.26166410381151,755.28,463.7043393919773,les
159,159,159_0,COMPLETED,BoTorch,14159613.888888888,755.28,755.28,555.813065639576,53.087033637617836,662.5346539248803,235.67448300472108,0.0,534.2052005212017,les
160,160,160_0,COMPLETED,BoTorch,14333546.944444444,755.28,755.28,755.28,53.00294717424223,641.8214872918298,255.92774454890022,0.0,612.0116889041867,les
161,161,161_0,COMPLETED,BoTorch,14814179.444444444,716.0623214478835,718.7000142129306,755.28,150.3161458697173,755.28,14.88111254143421,252.5334024656432,402.6085938905566,les
162,162,162_0,COMPLETED,BoTorch,13573352.777777778,755.28,755.28,755.28,297.40178645387806,645.7164985296318,91.38443361692325,755.28,324.6038034545878,les
163,163,163_0,COMPLETED,BoTorch,13532395.833333334,755.28,755.28,755.28,254.89946238955227,582.3800947473546,56.59270899347263,465.35678556543655,651.4550069386288,les
164,164,164_0,COMPLETED,BoTorch,14681348.611111112,747.0148985248961,755.28,755.28,194.34924112041182,714.5990655597805,5.257192763848458,95.81031560460669,430.60963385482177,les
165,165,165_0,COMPLETED,BoTorch,14732566.944444444,755.28,755.28,755.28,235.5225651573699,735.5345387447516,80.27191638704794,0.0,447.0031425637602,les
166,166,166_0,COMPLETED,BoTorch,14888049.444444444,755.28,755.28,755.28,161.18400917426504,755.28,0.0,161.5257174145503,521.8209032779436,les
167,167,167_0,COMPLETED,BoTorch,14243774.722222222,755.28,647.1858587242011,755.28,181.7059467072709,732.6263173267272,0.0,135.87440841482186,294.3737501914323,les
168,168,168_0,COMPLETED,BoTorch,13030266.666666666,547.9773155920807,710.8785555904566,682.6316773283235,561.3013084828316,697.771921512772,235.580267265171,591.6731478550745,0.0,les
169,169,169_0,COMPLETED,BoTorch,14694018.888888888,755.28,755.28,755.28,136.78067724623259,755.28,22.182931835165284,308.6740237520295,519.4614206976636,les
170,170,170_0,COMPLETED,BoTorch,14217669.444444444,755.28,755.28,539.5350979678759,168.04043941889415,755.28,0.0,468.47933255875097,504.79103724985384,les
171,171,171_0,COMPLETED,BoTorch,13236014.722222222,755.28,755.28,680.0686369090876,268.9414325005043,570.2590031613322,59.439962966072684,0.0,347.1207406690669,les
172,172,172_0,COMPLETED,BoTorch,13443919.444444444,755.28,755.28,613.0824817098066,97.06974841015166,696.4983111278411,331.39185826460044,755.28,446.39089706949466,les
173,173,173_0,COMPLETED,BoTorch,14393457.5,755.28,755.28,755.28,104.97360011910312,673.5615281018027,297.43784576331853,0.0,601.4578894854726,les
174,174,174_0,COMPLETED,BoTorch,14899336.111111112,755.28,705.7675359777539,755.28,196.83762563927,755.28,59.63229448624922,0.0,429.121892434717,les
175,175,175_0,COMPLETED,BoTorch,14482132.222222222,755.28,679.3050671528398,755.28,50.669833784642634,676.7907388210269,255.9832429324894,0.0,481.27835073194325,les
176,176,176_0,COMPLETED,BoTorch,12497109.722222222,755.28,566.1598314063242,755.28,197.92749559540508,663.8437930632422,55.310074894258356,0.0,227.13383339927944,les
177,177,177_0,COMPLETED,BoTorch,14528592.5,755.28,755.28,754.2195379701179,161.453491326244,545.9185343753878,16.34986988060274,58.67107054480478,394.59716148055054,les
178,178,178_0,COMPLETED,BoTorch,14837126.111111112,755.28,716.1304611108275,755.28,121.06808318789862,755.28,64.40147155652151,178.15602416790995,460.58338621161715,les
179,179,179_0,COMPLETED,BoTorch,14652421.111111112,755.28,696.6039314453154,755.28,169.0615058476835,603.3847655638324,15.194752393597499,20.66979256415294,501.04797147030246,les
180,180,180_0,COMPLETED,BoTorch,14849698.333333334,755.28,687.8489330061019,755.28,172.03774668128742,750.871977600536,8.794394550492417,104.51421950377572,529.7000947474239,les
181,181,181_0,COMPLETED,BoTorch,14088125.0,755.28,729.2185346286869,755.28,196.23718754983759,536.1837300572442,26.802931386136414,749.0899425305466,456.3342721208974,les
182,182,182_0,COMPLETED,BoTorch,14103875.277777778,755.28,731.6447806220851,568.1641173194382,162.81945875685543,592.5978208418887,0.0,188.90951998917308,517.1276212442251,les
183,183,183_0,COMPLETED,BoTorch,14157758.333333334,755.28,660.976595317966,755.28,47.39013001171704,642.8502131330455,200.6254373790135,682.455459121539,418.8861880194687,les
184,184,184_0,COMPLETED,BoTorch,13579554.722222222,755.28,755.28,755.28,171.6334329332995,755.28,32.5033308412821,0.0,685.8136925091555,les
185,185,185_0,COMPLETED,BoTorch,14666973.055555556,755.28,755.28,755.28,171.59566990879526,607.0079501807387,17.33848524866079,25.15134027613656,390.0417949831253,les
186,186,186_0,COMPLETED,BoTorch,14125631.111111112,357.80660502579155,755.28,755.28,95.92898456899506,755.28,63.271132357594084,0.0,553.3358568515041,les
187,187,187_0,COMPLETED,BoTorch,13589163.888888888,755.28,562.7020139493304,515.9240319130064,33.045326070955305,632.6877101822955,178.10790539365925,755.28,391.8232121526423,les
188,188,188_0,COMPLETED,BoTorch,13509433.333333334,755.28,755.28,551.8994941356331,205.8468840156705,641.8134321019003,0.0,755.28,655.9525374092146,les
189,189,189_0,COMPLETED,BoTorch,14160898.611111112,755.28,589.3158411315993,755.28,164.42334694497177,508.6887556401571,28.336322833081358,0.0,434.4711052032773,les
190,190,190_0,COMPLETED,BoTorch,14073777.777777778,755.28,755.28,755.28,83.17734918402093,635.4778842036584,272.63859940755754,538.5731724477047,537.2590658855001,les
191,191,191_0,COMPLETED,BoTorch,13158722.5,303.56068622663923,755.28,755.28,265.19583423594565,685.7803993295203,78.62135702187955,0.0,367.67350579891774,les
192,192,192_0,COMPLETED,BoTorch,13952712.5,319.4096933883929,733.5966399071121,755.28,29.740912248637624,654.8545716097989,207.66719171312818,0.0,443.79011327295825,les
193,193,193_0,COMPLETED,BoTorch,14513683.333333334,755.28,755.28,755.28,231.11602724827128,755.28,79.01729541631637,392.02129746128287,541.4813614911365,les
194,194,194_0,COMPLETED,BoTorch,14361030.555555556,755.28,755.28,747.9779350919338,183.80063313378042,535.1558203775475,44.84362960751607,0.0,530.520202326404,les
195,195,195_0,COMPLETED,BoTorch,14696541.388888888,755.28,755.28,755.28,34.31331369479184,665.6926589198301,210.07843203142534,0.0,436.2222381901803,les
196,196,196_0,COMPLETED,BoTorch,14329686.944444444,755.28,702.8522753742797,755.28,47.23804537679236,755.28,391.2315435689578,0.0,541.767986062389,les
197,197,197_0,COMPLETED,BoTorch,14002191.666666666,755.28,665.8040073352288,755.28,140.77873080273318,513.416538012426,0.0,653.9077913961892,425.2982864264556,les
198,198,198_0,COMPLETED,BoTorch,13389830.555555556,198.9839406242371,730.5354224911355,755.28,158.01004398611178,493.0443602615459,17.037861515392514,63.41701613529802,469.7780194177547,les
199,199,199_0,COMPLETED,BoTorch,13406613.888888888,755.28,620.982120700318,755.28,275.50551828756,582.5016607544572,86.94908726745639,614.0166984735649,506.0006340896669,les
200,200,200_0,COMPLETED,BoTorch,12185187.222222222,755.28,635.3178011766598,535.4005066927341,0.9605156685892173,755.28,387.4349323859558,0.0,577.4704364765411,les
201,201,201_0,COMPLETED,BoTorch,13844644.444444444,755.28,755.28,445.1825084020351,238.03951612404435,597.4485561474152,60.19442631037882,0.0,576.430248850496,les
202,202,202_0,COMPLETED,BoTorch,12215065.833333334,755.28,555.4083216931492,755.28,14.590485999343093,755.28,362.9951103936128,0.0,579.7742380056482,les
203,203,203_0,COMPLETED,BoTorch,14481705.277777778,755.28,755.28,755.28,73.70020104731006,734.0751630378579,336.96925096595345,0.0,557.7695480834692,les
204,204,204_0,COMPLETED,BoTorch,14004713.888888888,755.28,755.28,755.28,86.83072518298052,755.28,401.2448465214853,667.3360592062678,529.0096141284117,les
205,205,205_0,COMPLETED,BoTorch,12359546.944444444,290.0735647232936,755.28,389.5633606266109,485.05379934447285,755.28,209.59842781481166,1.301991794492186,91.86559656925505,les
206,206,206_0,COMPLETED,BoTorch,12668070.277777778,755.28,620.4725539777837,755.28,205.41318576571587,577.6184207441814,50.06907567519482,166.9206274871481,579.4394504424796,les
207,207,207_0,COMPLETED,BoTorch,14534266.111111112,755.28,609.2994997477571,755.28,36.6357008844416,639.3985070410561,200.26096264441276,0.0,390.7194884032796,les
208,208,208_0,COMPLETED,BoTorch,12905671.111111112,755.28,755.28,755.28,148.30349858390343,451.3213113414008,51.805616046367184,100.23749903428084,450.30759608876036,les
209,209,209_0,COMPLETED,BoTorch,14433822.222222222,755.28,646.6671007777868,755.28,4.676099007991385,588.5317456566246,192.3843665181694,0.0,415.3496302027755,les
210,210,210_0,COMPLETED,BoTorch,13609573.333333334,755.28,735.2586337931979,479.0380329695368,164.60941816769156,465.51672372378357,34.793741762036944,0.0,441.6504074882296,les
211,211,211_0,COMPLETED,BoTorch,14478716.666666666,755.28,664.2383173627402,755.28,130.4801441181324,755.28,84.95840351322805,493.02659933212635,335.32471847529996,les
212,212,212_0,COMPLETED,BoTorch,12688173.333333334,755.28,755.28,755.28,488.2639658616276,662.6008671694633,190.6439335559686,755.28,154.17051066585853,les
213,213,213_0,COMPLETED,BoTorch,13709461.666666666,755.28,755.28,755.28,70.09655832787675,693.8333357382559,435.0524357896495,0.0,537.4051521913024,les
214,214,214_0,COMPLETED,BoTorch,14539151.666666666,755.28,680.2688771136992,755.28,19.458730682622782,643.4794846689539,219.13668391603204,0.0,440.77168882991447,les
215,215,215_0,COMPLETED,BoTorch,14752161.666666666,755.28,686.4253997395401,755.28,169.0581453742581,722.5394116769754,6.879629759355255,125.47371872245985,427.2334306287564,les
216,216,216_0,COMPLETED,BoTorch,14231354.166666666,522.2535466438137,674.7311882130858,755.28,170.5480448120318,755.28,0.0,226.75275059095895,449.2963754801942,les
217,217,217_0,COMPLETED,BoTorch,14442032.222222222,755.28,678.1333929254683,755.28,35.25849064191702,586.5961786897252,166.2207345190702,0.0,371.6602536938898,les
218,218,218_0,COMPLETED,BoTorch,13734848.888888888,755.28,538.377470078205,755.28,39.20542159644489,542.1489994767427,184.31921320644187,0.0,422.28430140997267,les
219,219,219_0,COMPLETED,BoTorch,14393030.277777778,755.28,585.5156477449166,755.28,7.372459588889505,628.5445592224377,149.46227347511135,105.43969185339812,406.700635326003,les
220,220,220_0,COMPLETED,BoTorch,12628651.111111112,755.28,663.1813692019707,755.28,80.86003168708257,755.28,422.5092266711868,0.0,407.5713761904838,les
221,221,221_0,COMPLETED,BoTorch,13480815.0,755.28,614.2845317970912,755.28,16.109539175498814,556.854051102899,196.1092429080762,363.1913075348737,276.7982749528099,les
222,222,222_0,COMPLETED,BoTorch,14638393.055555556,755.28,678.3373346707481,755.28,218.85496996970716,755.28,72.93453457389337,221.0113071262965,451.96236378195545,les
223,223,223_0,COMPLETED,BoTorch,13125598.888888888,226.21501825426662,755.28,755.28,23.12856011200215,755.28,414.1885866226984,0.0,542.2303501177477,les
224,224,224_0,COMPLETED,BoTorch,13352157.222222222,223.55207642925413,566.905329276663,689.530825132707,9.857018019099161,581.0654805534762,152.6193972154298,0.0,377.877652397344,les
225,225,225_0,COMPLETED,BoTorch,13891662.222222222,755.28,615.1080628646813,493.9007866470988,0.0,566.2259583929671,149.07351064439385,0.0,395.210809540308,les
226,226,226_0,COMPLETED,BoTorch,13886133.333333334,755.28,639.9676468042069,755.28,0.0,557.5227003879018,145.2878403105578,755.28,423.159701241348,les
227,227,227_0,COMPLETED,BoTorch,14080989.166666666,755.28,755.28,755.28,36.1435340596045,562.9969337834299,325.77425037347706,0.0,585.8079246541711,les
228,228,228_0,COMPLETED,BoTorch,14022112.222222222,755.28,755.28,755.28,0.0,524.6398447146606,265.75599931485027,0.0,577.7322626362554,les
229,229,229_0,COMPLETED,BoTorch,14257780.555555556,755.28,755.28,755.28,77.88992887350042,549.8925937170079,279.83371027388336,0.0,568.879258462201,les
230,230,230_0,COMPLETED,BoTorch,10554587.222222222,755.28,595.087392017498,398.3776236395632,543.600585741285,755.28,266.7252953373725,755.28,91.19596050566136,les
231,231,231_0,COMPLETED,BoTorch,13596250.0,755.28,755.28,751.0685821474717,608.8734553712304,755.28,231.83598670820894,755.28,171.9970615969473,les
232,232,232_0,COMPLETED,BoTorch,14599091.666666666,755.28,755.28,755.28,92.46116766813138,736.9031688995574,266.3002230420947,0.0,525.9879872281916,les
233,233,233_0,COMPLETED,BoTorch,12315290.555555556,755.28,755.28,755.28,43.584075807890116,494.03062434780384,269.24042272894246,0.0,706.480261882691,les
234,234,234_0,COMPLETED,BoTorch,14877993.888888888,755.28,755.28,755.28,107.64353098519241,755.28,123.4737855017219,3.5079820387821443,534.1878246805317,les
235,235,235_0,COMPLETED,BoTorch,13044772.777777778,755.28,626.8884474884978,755.28,33.408536403845616,527.6022051981095,279.45018395499915,0.0,536.7792787296064,les
236,236,236_0,COMPLETED,BoTorch,13409366.111111112,755.28,755.28,413.9442303265177,35.906635773388004,514.7327862334791,271.00591863498516,0.0,604.917893743868,les
237,237,237_0,COMPLETED,BoTorch,14079296.944444444,755.28,755.28,755.28,32.80547301329031,463.50335522280824,280.34994751624464,0.0,471.6028068990957,les
238,238,238_0,COMPLETED,BoTorch,13251212.777777778,755.28,597.5625733728293,556.0836622244343,133.92838467622113,507.0856320769638,13.913665846862946,0.0,329.40819221126196,les
239,239,239_0,COMPLETED,BoTorch,14157294.444444444,755.28,755.28,755.28,216.85730166572938,550.8872072737037,12.269313907937633,400.0195935499415,453.29523353027804,les
240,240,240_0,COMPLETED,BoTorch,14058244.444444444,755.28,755.28,755.28,275.4459834367022,656.2836800806679,49.34160871022864,503.15788896085735,500.53489137954494,les
241,241,241_0,COMPLETED,BoTorch,14169107.5,755.28,755.28,655.2178352108573,12.91369713780209,493.06307212053525,203.3183616154823,0.0,461.5162668788587,les
242,242,242_0,COMPLETED,BoTorch,14944962.777777778,755.28,691.3838663222673,755.28,37.33300193553528,755.28,151.5536741994642,24.762436919218608,450.4760656804767,les
243,243,243_0,COMPLETED,BoTorch,14932868.611111112,755.28,726.4850020755264,755.28,69.44108153338794,755.28,165.61025875816077,0.0,477.634412209773,les
244,244,244_0,COMPLETED,BoTorch,14798916.388888888,755.28,723.4874225370695,755.28,108.65316680950973,755.28,58.73780363336679,255.7987284418272,371.82511936119937,les
245,245,245_0,COMPLETED,BoTorch,14963956.666666666,755.28,731.4396822902739,755.28,58.25885214006221,755.28,145.32762011155145,0.0,539.303806664155,les
246,246,246_0,COMPLETED,BoTorch,12335042.222222222,0.0,755.28,755.28,598.5905615675348,755.28,204.36093487660028,60.81705958443961,111.6795885436583,les
247,247,247_0,COMPLETED,BoTorch,14598648.055555556,755.28,673.7906428479015,755.28,3.658171246974822,755.28,91.57121556762226,287.10423546247995,331.7570991468338,les
248,248,248_0,COMPLETED,BoTorch,13145418.611111112,163.70331907515524,755.28,755.28,0.0,492.43879547260076,253.19961431563658,0.0,464.663005863409,les
249,249,249_0,COMPLETED,BoTorch,14548274.722222222,755.28,755.28,755.28,171.17952814297755,562.12009266057,4.500766140672856,0.0,485.4394823732473,les
250,250,250_0,COMPLETED,BoTorch,14935376.666666666,755.28,703.7690386649568,755.28,0.180891007746562,755.28,110.00360752010508,0.0,417.23106266117975,les
251,251,251_0,COMPLETED,BoTorch,14149676.944444444,755.28,755.28,755.28,262.5016854275382,491.9472358846636,67.59988243904749,0.0,522.7916675464918,les
252,252,252_0,COMPLETED,BoTorch,14819435.833333334,755.28,715.1642941603046,755.28,111.52826788599646,755.28,37.61193479692032,0.0,574.6898933854742,les
253,253,253_0,COMPLETED,BoTorch,14615078.055555556,755.28,646.1236164207099,755.28,0.0,755.28,125.53460587618031,400.6950450130936,403.7158282474496,les
254,254,254_0,COMPLETED,BoTorch,13797827.777777778,755.28,755.28,755.28,35.64685319535383,504.82728538993683,237.39284289940554,755.28,485.6505436577293,les
255,255,255_0,COMPLETED,BoTorch,13637119.444444444,755.28,755.28,755.28,279.98799180375886,518.070299796894,30.074989351342225,755.28,503.3014705513867,les
256,256,256_0,COMPLETED,BoTorch,14905130.277777778,755.28,718.7807620053193,755.28,32.52857915362409,755.28,83.74038708977116,0.0,437.8542977874955,les
257,257,257_0,COMPLETED,BoTorch,14910513.055555556,755.28,680.1189716825203,755.28,0.0,742.5271257273383,144.86822979587978,0.0,362.23986689273613,les
258,258,258_0,COMPLETED,BoTorch,13862712.222222222,755.28,755.28,551.1846753470088,79.35342966906859,481.32465375280077,256.2214137131568,0.0,431.335459692976,les
259,259,259_0,COMPLETED,BoTorch,13635617.777777778,755.28,755.28,475.36843897700584,235.05190904893857,462.4395052455748,28.716492852313433,0.0,510.17532403546454,les
260,260,260_0,COMPLETED,BoTorch,14993453.888888888,755.28,744.6992111093738,755.28,24.113332158159157,755.28,127.98887501506573,0.0,423.5305203825811,les
261,261,261_0,COMPLETED,BoTorch,14815465.833333334,755.28,649.1520460412411,755.28,9.99335626177495,755.28,101.90655950784131,0.0,393.1678590661072,les
262,262,262_0,COMPLETED,BoTorch,12771115.0,755.28,755.28,617.7753629730653,612.0135153731766,638.9663993108599,217.2649654773782,755.28,135.326108329463,les
263,263,263_0,COMPLETED,BoTorch,14307150.0,755.28,706.5201898522212,755.28,3.730636946540559,712.0458483101362,121.95314692674474,0.0,381.34133524598263,les
264,264,264_0,COMPLETED,BoTorch,14476130.555555556,755.28,698.4226941219058,755.28,70.41317990513662,755.28,200.28217911998775,0.0,579.6960668625069,les
265,265,265_0,COMPLETED,BoTorch,13677972.222222222,755.28,755.28,755.28,58.069112709510705,722.016295005327,297.7481506357817,755.28,0.0,les
266,266,266_0,COMPLETED,BoTorch,13947694.444444444,755.28,650.5502509804364,755.28,229.28619269137863,442.99923517639417,33.67953905014778,0.0,375.67970210876393,les
267,267,267_0,COMPLETED,BoTorch,12924669.444444444,74.71123717971129,755.28,702.9056662469363,250.10735744800255,519.024263147238,58.32115261471956,255.04925130759327,539.0723960205506,les
268,268,268_0,COMPLETED,BoTorch,14887160.833333334,755.28,741.7155188694519,755.28,84.09919176617727,755.28,2.9274124586792807,6.069351602499353,429.1767339488154,les
269,269,269_0,COMPLETED,BoTorch,14330444.444444444,391.69034120778224,701.9643250898672,755.28,0.0,755.28,129.90125547275423,0.0,374.2099291026022,les
270,270,270_0,COMPLETED,BoTorch,14349286.666666666,755.28,755.28,755.28,221.43420835955948,492.6285908221205,64.94674959321426,0.0,427.34127079647106,les
271,271,271_0,COMPLETED,BoTorch,13872056.111111112,755.28,755.28,755.28,89.1826584446695,463.57973373365775,351.9612267797553,0.0,473.59505504652435,les
272,272,272_0,COMPLETED,BoTorch,14180112.777777778,755.28,755.28,755.28,318.93163078325523,580.0582123074179,102.90791097702147,0.0,562.5680513925548,les
273,273,273_0,COMPLETED,BoTorch,14512582.5,755.28,682.7191078690032,755.28,163.67135629042488,572.3546403286448,27.402761360668734,0.0,426.1326821806409,les
274,274,274_0,COMPLETED,BoTorch,14375033.333333334,755.28,755.28,755.28,311.1879862813614,712.4039585063609,118.94425344814101,91.37787697585125,494.8140447872086,les
275,275,275_0,COMPLETED,BoTorch,13909083.333333334,755.28,755.28,755.28,282.1605312503938,570.7089195800326,109.17006332784317,511.20320438509657,500.9840735419601,les
276,276,276_0,COMPLETED,BoTorch,14883188.333333334,755.28,741.0314977094029,755.28,0.0,755.28,194.6243295216845,0.0,381.1299973848432,les
277,277,277_0,COMPLETED,BoTorch,13358632.5,755.28,755.28,200.18569796834564,224.3181905694818,755.28,0.0,709.3955375337601,563.4414655541418,les
278,278,278_0,COMPLETED,BoTorch,14197620.833333334,755.28,755.28,755.28,311.5071324186317,671.0142666873895,86.3146866021065,0.0,620.1295377475853,les
279,279,279_0,COMPLETED,BoTorch,14042470.277777778,755.28,658.5572807005251,755.28,179.17424908143676,471.91949692786744,0.0,366.6256393811099,318.94775063976334,les
280,280,280_0,COMPLETED,BoTorch,13607593.055555556,755.28,755.28,755.28,189.46342252796524,446.88827442849197,0.0,0.0,288.81180753038535,les
281,281,281_0,COMPLETED,BoTorch,12696319.444444444,755.28,420.88670462017546,755.28,146.83949686976078,575.2972955536829,0.0,634.7725931456538,390.17472722486804,les
282,282,282_0,COMPLETED,BoTorch,13404172.222222222,755.28,478.16283635042726,755.28,209.1998312382282,501.7469532742319,10.9715787356766,755.28,344.1339335659576,les
283,283,283_0,COMPLETED,BoTorch,13555856.111111112,755.28,637.957101847096,755.28,342.37040951308796,657.8613165731284,102.05667698646566,0.0,526.0033323475622,les
284,284,284_0,COMPLETED,BoTorch,14392068.888888888,755.28,720.8117235603842,755.28,0.0,755.28,8.615983320099383,451.89654788876635,400.4426184934053,les
285,285,285_0,COMPLETED,BoTorch,13738586.111111112,755.28,755.28,755.28,54.11527497042709,621.0143192612663,240.50601637992966,755.28,0.0,les
286,286,286_0,COMPLETED,BoTorch,12748092.222222222,755.28,755.28,465.4562821494218,60.61239301511344,453.6120100291183,346.6999513764124,755.28,479.6298331593267,les
287,287,287_0,COMPLETED,BoTorch,12527958.055555556,755.28,755.28,563.1992374325702,319.27809062626017,564.9589202738346,32.472008536063704,0.0,674.8082551830377,les
288,288,288_0,COMPLETED,BoTorch,14728933.333333334,755.28,692.4153719146519,654.8315025820352,0.0,755.28,157.9633578273277,0.0,385.4250585614788,les
289,289,289_0,COMPLETED,BoTorch,13022760.833333334,85.32156184049286,755.28,755.28,95.91299170394164,441.76606971649454,290.09320970146996,0.0,491.27787994079085,les
290,290,290_0,COMPLETED,BoTorch,13335480.555555556,755.28,755.28,332.54353131886467,0.0,554.1057806220598,205.48902971571337,604.8706542641644,509.3540127851723,les
291,291,291_0,COMPLETED,BoTorch,13443038.055555556,755.28,568.2839139218369,389.79667998205497,216.0144918586255,472.85413218234544,55.18728095137971,0.0,372.0283640550317,les
292,292,292_0,COMPLETED,BoTorch,13495680.555555556,755.28,657.2784402338795,755.28,247.36841538528094,511.08371631670934,49.82632363426787,755.28,325.79106927492546,les
293,293,293_0,COMPLETED,BoTorch,14876752.5,755.28,755.28,755.28,81.43136934723258,755.28,86.02534386546957,0.0,541.2594554660227,les
294,294,294_0,COMPLETED,BoTorch,14794947.222222222,755.28,665.952713839608,755.28,11.434751156791137,755.28,195.63365575581216,0.0,352.12435704756234,les
295,295,295_0,COMPLETED,BoTorch,14287605.555555556,755.28,755.28,755.28,579.7393843639809,749.4543790702432,158.33516422102545,755.28,326.9568343944276,les
296,296,296_0,COMPLETED,BoTorch,13629977.777777778,755.28,755.28,755.28,359.4634004863254,755.28,117.7281045228938,755.28,330.19145169449223,les
297,297,297_0,COMPLETED,BoTorch,12172419.444444444,755.28,471.9981304334802,608.5450861733193,179.5622216077372,397.8334977985668,0.0,0.0,421.05615719132595,les
